[],PearsAutoct1,PearsAutoct2,PearsAutoct3,PearsAutoct4,PearsAutoct5,PearsAutoct6,PearsAutoct7,PearsAutoct8,PearsAutoct9,PearsAutoct10,PearsCAutot1,PearsCAutot2,PearsCAutot3,PearsCAutot4,PearsCAutot5,PearsCAutot6,PearsCAutot7,PearsCAutot8,PearsCAutot9,PearsCAutot10,KendaAutoct1,KendaAutoct2,KendaAutoct3,KendaAutoct4,KendaAutoct5,KendaAutoct6,KendaAutoct7,KendaAutoct8,KendaAutoct9,KendaAutoct10,KendaCAutot1,KendaCAutot2,KendaCAutot3,KendaCAutot4,KendaCAutot5,KendaCAutot6,KendaCAutot7,KendaCAutot8,KendaCAutot9,KendaCAutot10,SpearAutoct1,SpearAutoct2,SpearAutoct3,SpearAutoct4,SpearAutoct5,SpearAutoct6,SpearAutoct7,SpearAutoct8,SpearAutoct9,SpearAutoct10,SpearCAutot1,SpearCAutot2,SpearCAutot3,SpearCAutot4,SpearCAutot5,SpearCAutot6,SpearCAutot7,SpearCAutot8,SpearCAutot9,SpearCAutot10,PartialAutt1,PartialAutt2,PartialAutt3,PartialAutt4,PartialAutt5,PartialAutt6,PartialAutt7,PartialAutt8,PartialAutt9,PartialAutt10,MedianFreql5u480,AR_____FitNMSEm1h1,AR_____FitNRMSEm1h1,AR_____FitCCm1h1,AR_PredictNMSEf50m1h1,AR_PredictNRMSEf50m1h1,AR_PredictCCf50m1h1,Bicorrelatt1,Bicorrelatt2,Bicorrelatt3,Bicorrelatt4,Bicorrelatt5,Bicorrelatt6,Bicorrelatt7,Bicorrelatt8,Bicorrelatt9,Bicorrelatt10,BicorrelaCt1,BicorrelaCt2,BicorrelaCt3,BicorrelaCt4,BicorrelaCt5,BicorrelaCt6,BicorrelaCt7,BicorrelaCt8,BicorrelaCt9,BicorrelaCt10,MutInfEqDib0t0,MutInfEqDib0t1,MutInfEqDib0t2,MutInfEqDib0t3,MutInfEqDib0t4,MutInfEqDib0t5,MutInfEqDib0t6,MutInfEqDib0t7,MutInfEqDib0t8,MutInfEqDib0t9,MutInfEqDib0t10,MutInCEqDib0t0,MutInCEqDib0t1,MutInCEqDib0t2,MutInCEqDib0t3,MutInCEqDib0t4,MutInCEqDib0t5,MutInCEqDib0t6,MutInCEqDib0t7,MutInCEqDib0t8,MutInCEqDib0t9,MutInCEqDib0t10,MutInfEqPrb0t0,MutInfEqPrb0t1,MutInfEqPrb0t2,MutInfEqPrb0t3,MutInfEqPrb0t4,MutInfEqPrb0t5,MutInfEqPrb0t6,MutInfEqPrb0t7,MutInfEqPrb0t8,MutInfEqPrb0t9,MutInfEqPrb0t10,MutInCEqPrb0t0,MutInCEqPrb0t1,MutInCEqPrb0t2,MutInCEqPrb0t3,MutInCEqPrb0t4,MutInCEqPrb0t5,MutInCEqPrb0t6,MutInCEqPrb0t7,MutInCEqPrb0t8,MutInCEqPrb0t9,MutInCEqPrb0t10,LocalMaximMEANa1w1,LocalMaximMEDIANa1w1,LocalMaximSDa1w1,LocalMaximIQRa1w1,LocalMinimMEANa1w1,LocalMinimMEDIANa1w1,LocalMinimSDa1w1,LocalMinimIQRa1w1,MinMaxTimeMEANa1w1,MinMaxTimeMEDIANa1w1,MinMaxTimeSDa1w1,MinMaxTimeIQRa1w1,MaxMaxTimeMEANa1w1,MaxMaxTimeMEDIANa1w1,MaxMaxTimeSDa1w1,MaxMaxTimeIQRa1w1,DiffMinMaxMEANa1w1,DiffMinMaxMEDIANa1w1,DiffMinMaxSDa1w1,DiffMinMaxIQRa1w1,CorrelaDimt1m1g0s4o100,AlgComEqDib0,AlgComEqPrb0,MeanTimSer,MedianTimS,VarianceTS,StdDeviaTS,IntQuarRangTS,SkewnessTS,KurtosisTS,HjorthMobi,HjorthComp,HurstExpon,DetFluctAna,clase
Group1_Serie1C1,-0.503578354,0.011062808,0.008733154,0.010520338,-0.020221257,-0.012109804,0.013366105,0.001878921,0.01420643,-0.023986724,0.503578354,0.514641162,0.523374316,0.533894654,0.55411591,0.566225714,0.579591819,0.58147074,0.595677169,0.619663894,-0.329096629,0.005824403,0.000751919,0.012537235,-0.013528651,-0.010479312,0.013577778,-0.016682289,0.01633423,-0.008572184,0.329096629,0.334921032,0.335672951,0.348210185,0.361738837,0.372218148,0.385795927,0.402478215,0.418812446,0.427384629,-0.470056369,0.009824677,0.001068859,0.019532424,-0.020107785,-0.015456214,0.021219077,-0.02380405,0.02427223,-0.012856157,0.470056369,0.479881046,0.480949905,0.50048233,0.520590115,0.536046328,0.557265406,0.581069455,0.605341685,0.618197842,-0.728138542,-0.400901948,-0.228772806,-0.098493901,-0.101586974,-0.141140753,-0.106636252,-0.068894991,0.008589807,-0.035723411,0.33133985,0.644589497,0.802863311,0.606070153,0.646034628,0.803762794,0.640937859,0.120085319,-0.007056673,-0.006890135,0.012380174,0.002561451,0.003361197,0.003859702,0.002336269,-0.007346492,0.02149289,0.120085319,0.127141992,0.134032127,0.146412301,0.148973753,0.152334949,0.156194651,0.15853092,0.165877412,0.187370302,0.721734263,0.065574801,0.00318302,0.003419506,0.003187484,0.003341031,0.002501496,0.003218804,0.002252886,0.00359044,0.003459529,0.721734263,0.787309064,0.790492084,0.79391159,0.797099074,0.800440105,0.802941601,0.806160405,0.808413291,0.812003732,0.815463261,1.000007029,0.086555452,0.036978155,0.030460861,0.029283872,0.036851945,0.039076392,0.040294909,0.037258076,0.034798746,0.0341737,1.000007029,1.086562481,1.123540635,1.154001496,1.183285368,1.220137313,1.259213705,1.299508614,1.33676669,1.371565436,1.405739137,2.426521663,1.9453106,4.075694608,1.90040245,-2.221828694,-1.9435403,1.717277203,1.8868279,1.399132321,1,0.619536385,1,2.75,3,0.843080253,1,4.648350357,4.2181951,4.530378778,3.249471723,0.993451818,0.413768028,0.997911127,0.021537827,-0.0367495,16.4409217,4.054740646,3.076794525,0.08634081,244.1142507,1.642835134,0.00000000000000 + 0.345746887455228i,0.450209924,0.26187606,Old
Group1_Serie10C1,-0.478222815,-0.007205097,0.0008805,0.046954204,-0.059506091,0.03500816,0.005403132,-0.052558709,0.008030481,0.048399338,0.478222815,0.485427912,0.486308412,0.533262615,0.592768706,0.627776866,0.633179998,0.685738707,0.693769188,0.742168526,-0.330866699,0.006112249,0.01410161,0.012349213,-0.049894798,0.046688826,-0.022607496,-0.01919518,0.01950649,0.021303354,0.330866699,0.336978948,0.351080558,0.363429771,0.413324569,0.460013395,0.482620891,0.501816072,0.521322562,0.542625915,-0.468542955,0.008608535,0.021826912,0.019143786,-0.075174282,0.070091325,-0.033338497,-0.030168554,0.02899842,0.030964366,0.468542955,0.477151489,0.498978401,0.518122186,0.593296468,0.663387793,0.69672629,0.726894843,0.755893264,0.78685763,-0.478320979,-0.30795747,-0.217764865,-0.088776492,-0.106760336,-0.056075913,-0.015738203,-0.076396619,-0.086051823,-0.01932761,0.34974762,0.766320947,0.875397593,0.482660824,0.753222025,0.867883647,0.496016351,0.081255962,-0.019572342,-0.05358709,-0.040731762,-0.019284001,0.041500678,0.065562445,0.061461098,0.015484606,-0.012884703,0.081255962,0.100828304,0.154415394,0.195147156,0.214431157,0.255931835,0.32149428,0.382955378,0.398439984,0.411324688,1.317713557,0.169315622,0.031699566,0.028566354,0.017884405,0.030527914,0.027457811,0.026239159,0.027430606,0.019921912,0.033314093,1.317713557,1.487029179,1.518728746,1.547295099,1.565179504,1.595707418,1.623165228,1.649404388,1.676834993,1.696756906,1.730070999,1.000002308,0.098037199,0.036991699,0.036510213,0.031438865,0.03024404,0.032216208,0.036252235,0.037641399,0.026765135,0.030045705,1.000002308,1.098039507,1.135031206,1.171541419,1.202980284,1.233224324,1.265440532,1.301692767,1.339334166,1.366099301,1.396145006,1.574417331,1.2434881,1.606299237,1.30551973,-1.55377832,-1.2459932,1.394092173,1.38255856,1.392670157,1,0.595476113,1,2.701570681,3,0.822867175,1,3.128195651,2.59407926,2.197102946,2.39842978,0.992610291,0.622689185,1.009010638,0.008652911,-0.056628199,3.692670891,1.921632351,1.928525645,0.54492907,10.80889612,1.719366784,0.600894874,0.352026001,0.169907457,Old
Group1_Serie11C1,-0.486244203,0.046186726,-0.062570997,0.058792491,-0.037403446,-0.009738649,0.060285291,-0.037404667,-0.012145935,0.014380226,0.486244203,0.532430928,0.595001925,0.653794416,0.691197863,0.700936511,0.761221803,0.798626469,0.810772405,0.825152631,-0.340141871,0.051131373,-0.038278741,0.041398438,-0.03166798,-0.031671477,0.055392594,-0.01263232,-0.026493103,0.007101805,0.340141871,0.391273244,0.429551985,0.470950423,0.502618402,0.534289879,0.589682473,0.602314793,0.628807896,0.635909702,-0.480561949,0.075699055,-0.05657177,0.061772387,-0.048570522,-0.046969321,0.081919529,-0.019192864,-0.039070229,0.010016395,0.480561949,0.556261004,0.612832774,0.674605161,0.723175683,0.770145003,0.852064533,0.871257397,0.910327626,0.920344021,-0.486249231,-0.240624424,-0.211586253,-0.100268097,-0.090443782,-0.093786115,0.006838664,-0.006822923,-0.034462667,-0.011617994,0.288388388,0.753878353,0.868261684,0.496085591,0.763605884,0.873845458,0.485596461,-0.006003359,0.055366497,0.005102072,-0.025194059,0.03226622,0.015527982,-0.0010204,-0.006392934,0.03042808,0.031695425,0.006003359,0.061369856,0.066471928,0.091665987,0.123932207,0.139460189,0.140480589,0.146873524,0.177301604,0.208997028,0.840996387,0.12507747,0.019685521,0.009691519,0.018970539,0.021339323,0.013484693,0.014471134,0.016391519,0.017306701,0.016468251,0.840996387,0.966073857,0.985759378,0.995450898,1.014421437,1.03576076,1.049245453,1.063716588,1.080108107,1.097414808,1.113883059,1.000007783,0.101176059,0.029184824,0.029633333,0.030077282,0.032054071,0.030445223,0.036453896,0.033654538,0.03431569,0.033582843,1.000007783,1.101183842,1.130368665,1.160001998,1.19007928,1.22213335,1.252578573,1.289032469,1.322687007,1.357002697,1.39058554,1.792605123,1.3774125,2.190317222,1.356778083,-1.726709211,-1.3208944,2.128952074,1.345412198,1.410094637,1,0.643093043,1,2.728706625,2,0.879925144,1,3.519314333,2.76132626,3.186937545,2.584686788,0.997019605,0.480178672,1.005943926,0.056177427,0.040898596,6.20422421,2.490828017,2.10315725,0.596006986,35.89085744,1.723736442,0.62210919,0.45900989,0.318156263,Old
Group1_Serie12C1,-0.458713171,0.001048248,-0.004878681,-0.005853366,0.047977939,-0.045157844,-0.024381644,0.025971545,0.025265233,-0.030030679,0.458713171,0.45976142,0.464640101,0.470493467,0.518471407,0.56362925,0.588010894,0.613982439,0.639247672,0.669278351,-0.304062136,0.003195315,-0.016842681,0.014935296,0.016415983,-0.01844029,-0.015139709,0.003157112,0.031652578,-0.024355502,0.304062136,0.307257451,0.324100132,0.339035428,0.355451411,0.373891701,0.38903141,0.392188523,0.423841101,0.448196603,-0.43609341,0.005454594,-0.024781677,0.022307511,0.024674842,-0.027265533,-0.022510087,0.00489388,0.047228484,-0.036264335,0.43609341,0.441548004,0.466329681,0.488637193,0.513312035,0.540577568,0.563087656,0.567981535,0.61521002,0.651474354,-0.458892973,-0.265666678,-0.171547897,-0.12230478,-0.018303766,-0.040467093,-0.078042001,-0.047339072,0.005995456,-0.017037436,0.312932081,0.78709904,0.887186023,0.461012053,0.769083063,0.87697381,0.481077679,0.099858307,0.028260829,0.024370348,-0.001354998,0.009544906,0.031643137,0.026552057,0.021926434,-0.018852016,0.004736915,0.099858307,0.128119136,0.152489484,0.153844482,0.163389387,0.195032524,0.221584581,0.243511015,0.262363031,0.267099946,2.171359179,0.198591683,0.064547465,0.072069727,0.074241018,0.069615934,0.068957091,0.070732068,0.071220352,0.07161811,0.064520995,2.171359179,2.369950862,2.434498327,2.506568054,2.580809072,2.650425006,2.719382097,2.790114165,2.861334516,2.932952626,2.997473621,1.000002297,0.085058294,0.035206618,0.030201551,0.034981584,0.031938268,0.035307428,0.02766961,0.030212415,0.034959029,0.032197545,1.000002297,1.085060591,1.120267209,1.15046876,1.185450344,1.217388612,1.252696039,1.28036565,1.310578065,1.345537094,1.377734638,2.245795182,1.8862559,1.897533384,2.304266753,-2.170338665,-1.9211447,1.635599792,2.142852038,1.42300885,1,0.678835158,1,2.736283186,3,0.908691479,1,4.416133846,4.03293216,2.634029325,3.437153823,0.995229659,0.808375316,0.988743033,-0.015175666,-0.097430396,6.249490538,2.499898106,2.9266905,0.342664337,4.351786069,1.707893382,0.63094448,0.317459403,0.246356866,Old
Group1_Serie13C1,-0.474730527,0.079653766,-0.055298079,-0.012095482,0.042577196,-0.041919426,0.02327594,-0.014892144,-0.007797766,0.05476328,0.474730527,0.554384293,0.609682372,0.621777854,0.66435505,0.706274476,0.729550416,0.74444256,0.752240326,0.807003607,-0.333215182,0.047824742,-0.024291089,-0.010031667,0.022945228,-0.020459714,0.017557847,-0.004638112,-0.019252379,0.028119575,0.333215182,0.381039925,0.405331013,0.41536268,0.438307908,0.458767622,0.476325469,0.480963581,0.50021596,0.528335535,-0.469916754,0.070298389,-0.035708333,-0.015654491,0.033994339,-0.029863297,0.026126123,-0.007585893,-0.029855904,0.04172125,0.469916754,0.540215143,0.575923476,0.591577968,0.625572307,0.655435604,0.681561727,0.68914762,0.719003524,0.760724774,-0.474735499,-0.189525641,-0.134565328,-0.12284351,-0.036464344,-0.045380184,-0.025017596,-0.021547316,-0.031358017,0.042103241,0.282252465,0.771855912,0.878553306,0.477070162,0.735937336,0.857867902,0.519149912,-0.058487273,0.020445026,0.013348395,0.000933741,-0.020337975,0.021519072,-0.011500794,0.007601028,0.025440367,-0.023597612,0.058487273,0.0789323,0.092280695,0.093214436,0.113552411,0.135071483,0.146572277,0.154173305,0.179613672,0.203211284,1.988387201,0.228409277,0.082199889,0.089943178,0.075028589,0.089749797,0.081047399,0.074651685,0.065146533,0.062933353,0.087162283,1.988387201,2.216796478,2.298996367,2.388939544,2.463968134,2.55371793,2.634765329,2.709417015,2.774563548,2.8374969,2.924659184,1.000007238,0.096989031,0.041058654,0.041782402,0.035438062,0.033617745,0.034352032,0.036472285,0.033784672,0.035319429,0.033020998,1.000007238,1.096996269,1.138054923,1.179837325,1.215275387,1.248893132,1.283245164,1.319717448,1.353502121,1.388821549,1.421842548,1.947153146,1.666462,1.597628652,1.745837883,-1.932906683,-1.576595,1.674995899,1.945755135,1.384615385,1,0.636088522,1,2.682819383,2,0.856511214,1,3.88005983,3.2985617,2.558590968,3.195645998,0.986214698,0.788848352,0.98815844,0.017999165,0.046954379,5.133026401,2.265618326,2.5010887,-0.049745376,4.975843291,1.717355471,0.653157755,0.393121114,0.350297564,Old
Group1_Serie14C1,-0.497612888,0.018030125,0.013175657,-0.014998118,-0.006448048,0.007048636,0.001393788,-0.012976213,0.059912913,-0.066904203,0.497612888,0.515643013,0.528818671,0.543816789,0.550264837,0.557313472,0.55870726,0.571683473,0.631596386,0.698500589,-0.330949253,0.026496467,-0.010883275,0.013359053,-0.013934647,0.005181793,0.004547781,-0.007836171,0.028597571,-0.034961706,0.330949253,0.35744572,0.368328994,0.381688047,0.395622694,0.400804487,0.405352268,0.413188439,0.44178601,0.476747716,-0.469198845,0.038471424,-0.016270291,0.020070763,-0.021023358,0.00761256,0.006697183,-0.011205598,0.041150286,-0.052705249,0.469198845,0.507670269,0.52394056,0.544011323,0.565034681,0.572647241,0.579344425,0.590550023,0.631700309,0.684405558,-0.497623162,-0.307282301,-0.185516448,-0.136126341,-0.154948055,-0.102495581,-0.064333871,-0.071342286,0.06958995,-0.008936662,0.309864119,0.750621427,0.86638411,0.499067128,0.747141377,0.864373401,0.502041559,-0.161519214,0.028927215,0.01070428,0.038401797,0.065156768,0.000477502,0.016731215,0.010770471,-0.012991435,-0.009613825,0.161519214,0.190446429,0.201150709,0.239552506,0.304709274,0.305186776,0.321917991,0.332688462,0.345679897,0.355293722,0.766776994,0.087049268,0.01023676,0.009088723,0.012156244,0.009648638,0.010241939,0.006817274,0.007831666,0.012763347,0.011369689,0.766776994,0.853826261,0.864063021,0.873151744,0.885307988,0.894956626,0.905198565,0.912015839,0.919847505,0.932610852,0.943980541,1,0.08857715,0.028711081,0.035029552,0.036831146,0.033548791,0.025358529,0.029234133,0.032227879,0.036814345,0.03606587,1,1.08857715,1.117288231,1.152317783,1.189148929,1.222697721,1.24805625,1.277290383,1.309518262,1.346332608,1.382398478,2.511082378,1.84311975,3.318528635,2.18899011,-2.423178642,-1.95405995,3.024658516,2.19997697,1.382978723,1,0.698862661,1,2.684434968,2,0.885901414,1,4.93426102,4.08777785,4.665913095,3.5245891,0.990187933,0.421851783,1.00470014,0.044328398,-0.038273095,12.43588453,3.526454953,2.9544725,0.577342521,72.99654067,1.730544707,0.591177856,0.43182822,0.217366961,Old
Group1_Serie15C1,-0.431715312,0.006844609,-0.067718541,0.073703118,-0.044655393,-0.000570015,0.014718967,-0.034515787,0.02463164,0.021961656,0.431715312,0.43855992,0.506278461,0.579981579,0.624636972,0.625206987,0.639925954,0.674441741,0.699073381,0.721035037,-0.300946567,0.023762964,-0.044079291,0.053414848,-0.065111479,0.024013055,0.003829535,-0.015492753,0.014406151,0.030685001,0.300946567,0.324709531,0.368788822,0.42220367,0.48731515,0.511328204,0.51515774,0.530650493,0.545056643,0.575741645,-0.436211901,0.035238887,-0.063712877,0.07837267,-0.096388023,0.03538479,0.005938611,-0.024044451,0.020606402,0.045198516,0.436211901,0.471450788,0.535163665,0.613536335,0.709924358,0.745309149,0.75124776,0.775292211,0.795898613,0.841097129,-0.431741716,-0.225664443,-0.20764495,-0.078557252,-0.078524705,-0.07261705,-0.0217333,-0.061999074,-0.031601129,0.024903286,0.33133985,0.809952087,0.899973381,0.435104893,0.806422513,0.898010308,0.438505109,-0.039615934,-0.018257888,0.013788172,0.058018199,0.047503803,0.000804436,-0.021783803,-0.077015471,-0.021796871,0.050800437,0.039615934,0.057873823,0.071661995,0.129680193,0.177183997,0.177988433,0.199772236,0.276787707,0.298584579,0.349385016,1.925904541,0.174224555,0.082655548,0.103143378,0.079322914,0.121874374,0.094198553,0.078059035,0.077601048,0.093362714,0.088638189,1.925904541,2.100129097,2.182784644,2.285928022,2.365250936,2.48712531,2.581323863,2.659382898,2.736983947,2.83034666,2.918984849,1.000006429,0.080030866,0.044788498,0.032906738,0.039357847,0.044496398,0.045586491,0.032318735,0.035528973,0.032916479,0.03500472,1.000006429,1.080037295,1.124825793,1.157732531,1.197090378,1.241586777,1.287173268,1.319492003,1.355020977,1.387937456,1.422942176,2.439209845,2.1234036,1.92525067,2.130464775,-2.43895938,-2.0589218,1.797892883,2.579263825,1.425837321,1,0.639638113,1,2.721153846,3,0.873183202,1,4.878169225,4.5390784,2.868197493,3.598104683,0.999464577,0.903989572,1.047700735,0.058920685,0.084526391,7.433375698,2.726421776,3.281584875,0.169540146,3.688062977,1.69181918,0.666179024,0.33001089,0.269627367,Old
Group1_Serie16C1,-0.445130986,-0.014135555,-0.010151631,0.038525788,-0.038665468,0.036812117,-0.00890395,-0.032838535,0.018797458,0.055718829,0.445130986,0.459266541,0.469418172,0.50794396,0.546609429,0.583421546,0.592325496,0.625164032,0.64396149,0.699680319,-0.299289415,-0.009932404,-0.009598221,0.039846775,-0.019796191,0.016319121,-0.010836426,-0.013623315,0.002189047,0.044593971,0.299289415,0.309221819,0.318820041,0.358666816,0.378463007,0.394782128,0.405618555,0.419241869,0.421430916,0.466024887,-0.428969033,-0.014328775,-0.013781127,0.059899508,-0.027979842,0.023853325,-0.015346646,-0.020603812,0.003704064,0.067455135,0.428969033,0.443297808,0.457078935,0.516978443,0.544958285,0.56881161,0.584158256,0.604762068,0.608466132,0.675921268,-0.445874178,-0.268539244,-0.18587507,-0.074700897,-0.074820562,-0.011484087,0.000227164,-0.045180586,-0.027818342,0.06117936,0.23316508,0.802639031,0.895901239,0.447126923,0.789241965,0.888392912,0.461441019,0.05836117,-0.070756666,-0.091740337,-0.036843134,0.012847788,0.033464891,-0.002988829,-0.082119219,0.028565554,0.044334673,0.05836117,0.129117836,0.220858173,0.257701307,0.270549095,0.304013986,0.307002815,0.389122033,0.417687588,0.46202226,1.820275549,0.203319666,0.069636754,0.075364251,0.08281323,0.075643401,0.071697879,0.079742689,0.064989887,0.071190853,0.070695541,1.820275549,2.023595215,2.093231969,2.168596221,2.251409451,2.327052851,2.39875073,2.478493419,2.543483306,2.614674159,2.6853697,1.000009146,0.087491709,0.034316086,0.03139447,0.036980176,0.040286415,0.031438741,0.02767279,0.044538326,0.04032422,0.036859689,1.000009146,1.087500855,1.121816941,1.153211411,1.190191588,1.230478002,1.261916743,1.289589533,1.334127859,1.374452079,1.411311768,2.648203453,2.3091608,2.230572067,2.4840613,-2.479331372,-2.1567588,2.174655519,2.65284865,1.363265306,1,0.595988598,1,2.672131148,2,0.825943759,1,5.127534825,4.4898476,3.262822303,4.228720818,0.998709912,0.841024113,1.026602203,0.132894699,0.233574445,9.044698883,3.007440587,3.4675328,0.065872975,4.581430999,1.698011525,0.643606106,0.409003648,0.291853272,Old
Group1_Serie17C1,-0.503376237,0.007073618,-0.009268653,0.009176093,0.001282472,-0.007644694,0.003844685,-0.059785018,0.118850242,-0.061283292,0.503376237,0.510449855,0.519718508,0.528894601,0.530177073,0.537821767,0.541666452,0.60145147,0.720301712,0.781585004,-0.329087542,0.011549916,0.014163734,-0.012504456,0.023403267,-0.060573682,0.045214901,-0.007165868,0.000888881,-0.00999012,0.329087542,0.340637458,0.354801192,0.367305648,0.390708914,0.451282596,0.496497497,0.503663366,0.504552246,0.514542366,-0.470213602,0.01790461,0.020583174,-0.017926203,0.034410338,-0.089625522,0.068495564,-0.010642227,0.001408845,-0.014618625,0.470213602,0.488118212,0.508701386,0.52662759,0.561037928,0.650663449,0.719159013,0.72980124,0.731210085,0.74582871,-0.503377921,-0.315456707,-0.2651001,-0.197416187,-0.150573597,-0.133826381,-0.113486735,-0.219987797,-0.066673765,-0.059909498,0.371223351,0.728291582,0.853400013,0.52099367,0.750221761,0.866153428,0.504131728,0.031668986,0.000181945,0.001048542,0.00155435,0.002501614,0.000134651,0.000231842,0.005822546,0.001078988,-0.003775868,0.031668986,0.031850931,0.032899473,0.034453823,0.036955437,0.037090088,0.03732193,0.043144476,0.044223464,0.047999332,0.09071247,0.04194345,0.000200428,0.004714293,0.004706713,0.000177633,0.000177949,0.000178266,0.002180258,0.004184991,0.002182832,0.09071247,0.13265592,0.132856348,0.137570641,0.142277353,0.142454986,0.142632935,0.142811202,0.144991459,0.14917645,0.151359282,1.000003719,0.096588452,0.039107467,0.034354921,0.033425876,0.031559476,0.035477245,0.034635461,0.031838046,0.028152706,0.033912779,1.000003719,1.096592171,1.135699639,1.17005456,1.203480436,1.235039912,1.270517157,1.305152618,1.336990664,1.36514337,1.399056149,4.933622703,1.72945405,23.20424834,1.989939385,-5.364237228,-1.74654715,24.28910741,1.79730815,1.431603774,1,0.622692448,1,2.680851064,3,0.772628452,1,10.29785993,3.71502065,33.21564971,3.17836332,0.946569254,0.13472317,1.002431724,0.014609686,-0.006890491,471.1593697,21.70620579,2.6353267,0.284822223,69.86630124,1.734000325,0.576869348,0.338389606,0.052672503,Old
Group1_Serie2C1,-0.445974007,0.012601602,-0.079785924,0.073643201,-0.031244107,0.010171068,0.006632835,-0.013094191,0.022863266,-0.01310933,0.445974007,0.45857561,0.538361534,0.612004735,0.643248841,0.653419909,0.660052744,0.673146935,0.696010201,0.709119531,-0.299208393,0.017795223,-0.048045192,0.038304948,-0.003250131,-0.00621189,0.013196481,-0.014712493,0.017796527,-0.000729773,0.299208393,0.317003616,0.365048808,0.403353756,0.406603887,0.412815777,0.426012258,0.440724751,0.458521279,0.459251051,-0.429146486,0.026865519,-0.071112365,0.056259411,-0.005269355,-0.008609239,0.018925685,-0.021827518,0.026554965,-0.000970604,0.429146486,0.456012004,0.52712437,0.58338378,0.588653135,0.597262374,0.616188059,0.638015577,0.664570542,0.665541146,-0.446132418,-0.234832226,-0.236435942,-0.10834506,-0.088878158,-0.060877733,-0.019635047,-0.025964212,0.014220442,0.011988306,0.288388388,0.797814709,0.893204741,0.449067372,0.781825252,0.884208828,0.469099471,0.027100396,-0.065887876,0.02750891,0.029948547,0.020948888,0.026007531,-0.05484481,0.032984814,0.04183253,0.033620158,0.027100396,0.092988272,0.120497182,0.15044573,0.171394617,0.197402148,0.252246958,0.285231772,0.327064302,0.360684461,1.989474262,0.209306128,0.081507191,0.084417954,0.087508828,0.065586035,0.060706465,0.077530822,0.074081809,0.077420205,0.068326206,1.989474262,2.19878039,2.280287581,2.364705535,2.452214363,2.517800398,2.578506863,2.656037685,2.730119494,2.807539699,2.875865905,1.000008031,0.092091285,0.040763167,0.030323406,0.040149961,0.029976436,0.033314873,0.032926924,0.034925313,0.031004631,0.03114408,1.000008031,1.092099316,1.132862483,1.16318589,1.20333585,1.233312286,1.266627159,1.299554083,1.334479396,1.365484026,1.396628107,2.219964494,1.9249694,1.822330956,1.974600988,-2.090370823,-1.7359841,1.758859755,2.061457958,1.395778364,1,0.651886244,1,2.712401055,3,0.853953946,1,4.310335318,3.9742656,2.643321331,3.477019373,0.996785672,0.831308484,1.02001041,0.033498536,-0.000521042,6.273999538,2.504795309,2.828711225,0.087657353,4.42375546,1.700346108,0.647551241,0.362439098,0.280192612,Old
Group1_Serie3C1,-0.492659215,0.047273181,-0.028477672,0.012685058,0.01242549,-0.01609834,0.004635942,-0.003710633,-0.018223999,0.044757428,0.492659215,0.539932396,0.568410068,0.581095126,0.593520615,0.609618955,0.614254897,0.61796553,0.636189529,0.680946957,-0.32698731,0.023116767,-0.023497502,0.030873073,-0.004844049,-0.017891394,0.003199652,-0.003721847,0.011777048,0.011760998,0.32698731,0.350104077,0.373601578,0.404474651,0.4093187,0.427210094,0.430409746,0.434131593,0.445908641,0.457669639,-0.467321636,0.035141592,-0.035934096,0.045540727,-0.006695025,-0.026399831,0.00484002,-0.006132521,0.015862325,0.018219537,0.467321636,0.502463227,0.538397323,0.583938051,0.590633075,0.617032907,0.621872926,0.628005448,0.643867772,0.662087309,-0.492691721,-0.260654315,-0.180503835,-0.116190646,-0.053288411,-0.038721178,-0.027178352,-0.020236432,-0.049397323,0.016085619,0.294524311,0.755045237,0.868933391,0.494647223,0.771899305,0.878578002,0.477799066,0.019339101,0.024322848,0.05252785,-0.006612424,-0.00951811,0.003151195,-0.006212285,-0.013977608,0.000792474,0.041756505,0.019339101,0.043661949,0.096189799,0.102802224,0.112320334,0.115471529,0.121683814,0.135661422,0.136453896,0.178210401,1.978359166,0.21305101,0.069650525,0.063188575,0.070183916,0.062274059,0.06501986,0.05421148,0.060885299,0.064764422,0.057861077,1.978359166,2.191410176,2.261060701,2.324249276,2.394433192,2.456707251,2.521727111,2.575938591,2.63682389,2.701588312,2.759449389,1.000006271,0.083972869,0.039472632,0.037172296,0.036302013,0.036446566,0.039095585,0.034304669,0.02880536,0.036904826,0.035680573,1.000006271,1.083979141,1.123451773,1.160624069,1.196926082,1.233372648,1.272468233,1.306772902,1.335578262,1.372483088,1.408163662,2.328865863,1.9324616,1.890126922,1.9826695,-2.332012021,-2.012544,1.852648521,2.262053,1.443786982,1,0.701703079,1,2.761341223,2,0.936862867,1,4.660877884,4.1166608,2.92935678,3.64955132,0.997206553,0.768827935,0.998383196,0.032201989,0.14274515,6.811996754,2.609980221,2.992639,0.085450125,4.913805601,1.727674068,0.613726231,0.3218242,0.195843328,Old
Group1_Serie4C1,-0.451672591,0.02315191,-0.042186734,0.074712478,-0.070576136,0.022744827,-0.016955414,-0.010562538,0.01935447,0.009052711,0.451672591,0.474824501,0.517011235,0.591723713,0.662299848,0.685044676,0.702000089,0.712562627,0.731917096,0.740969807,-0.310921431,0.013869515,-0.028368406,0.039334522,-0.035729254,0.000364921,0.001964221,-0.001406029,-0.000113186,0.005599731,0.310921431,0.324790946,0.353159352,0.392493874,0.428223128,0.428588049,0.430552269,0.431958298,0.432071485,0.437671216,-0.445085578,0.020875684,-0.042644915,0.059340333,-0.054269531,0.000910163,0.00235062,-0.002765499,-0.000957245,0.009051939,0.445085578,0.465961262,0.508606177,0.56794651,0.622216041,0.623126204,0.625476824,0.628242323,0.629199567,0.638251506,-0.45170026,-0.231787172,-0.176563144,-0.033390038,-0.066698818,-0.040837337,-0.043883799,-0.059317935,-0.021004455,0.004094121,0.325203927,0.793525284,0.890800361,0.453569645,0.792310536,0.890118271,0.453922698,0.009270522,0.019991459,0.003723267,-0.03179829,-0.021212029,-0.008553562,0.036167568,0.028718223,0.021278829,-0.012040232,0.009270522,0.029261982,0.032985249,0.064783538,0.085995568,0.094549129,0.130716697,0.15943492,0.180713749,0.192753981,2.002921205,0.206539476,0.072279749,0.076198087,0.091492915,0.079294429,0.070724585,0.0816946,0.08123386,0.079858806,0.084450049,2.002921205,2.209460681,2.28174043,2.357938517,2.449431432,2.528725861,2.599450446,2.681145046,2.762378906,2.842237712,2.926687761,1.000005128,0.087174528,0.031123414,0.035782551,0.045570719,0.031452979,0.037514284,0.03484386,0.044656611,0.048335503,0.042058219,1.000005128,1.087179656,1.11830307,1.154085621,1.19965634,1.231109319,1.268623603,1.303467464,1.348124075,1.396459578,1.438517797,2.124267433,1.8488867,1.68159181,2.010499975,-2.151462722,-1.8531085,1.632075087,1.975202875,1.413489736,1,0.647842454,1,2.744868035,3,0.905544229,1,4.275730154,3.77155058,2.584596566,3.680505305,1.00483243,0.84445016,1.015547905,-0.011111091,-0.048909307,5.690344768,2.385444354,2.92059715,0.034789757,3.969222569,1.703875464,0.651036934,0.366809466,0.286557002,Old
Group1_Serie5C1,-0.467548655,0.030573475,-0.009361082,-0.046118199,0.027304478,-0.01814814,0.002996993,0.017746447,-0.027856068,0.043665566,0.467548655,0.49812213,0.507483212,0.553601412,0.58090589,0.59905403,0.602051023,0.61979747,0.647653538,0.691319104,-0.319359155,0.016121322,-0.00760389,-0.016797699,0.018396372,-0.010068782,0.002986599,0.014905861,-0.034704626,0.053092409,0.319359155,0.335480477,0.343084367,0.359882066,0.378278438,0.38834722,0.391333819,0.40623968,0.440944307,0.494036716,-0.452494557,0.024490337,-0.010867178,-0.025166652,0.026754214,-0.015138741,0.003480847,0.02163482,-0.051690625,0.078158052,0.452494557,0.476984893,0.487852071,0.513018723,0.539772937,0.554911678,0.558392525,0.580027345,0.63171797,0.709876022,-0.467568323,-0.238981008,-0.140467154,-0.149777391,-0.096994483,-0.084197297,-0.070482235,-0.033513659,-0.052097192,0.00681665,0.309864119,0.779158855,0.882699754,0.470649313,0.77386067,0.879693509,0.47580091,-0.027961559,0.003897479,-0.041167562,0.018885373,-0.005924466,-0.048295317,-0.033516849,0.011387108,0.006420339,-0.007121741,0.027961559,0.031859038,0.0730266,0.091911973,0.097836438,0.146131755,0.179648604,0.191035713,0.197456052,0.204577793,1.895019946,0.22641355,0.07320113,0.069022898,0.074731256,0.061846817,0.075474521,0.062323982,0.072879838,0.068421098,0.063275934,1.895019946,2.121433497,2.194634627,2.263657525,2.33838878,2.400235597,2.475710118,2.538034099,2.610913937,2.679335035,2.742610969,1.00000776,0.093611125,0.03574934,0.034366718,0.029767513,0.02968994,0.035080278,0.032173326,0.033808717,0.037742515,0.03581204,1.00000776,1.093618885,1.129368225,1.163734943,1.193502456,1.223192396,1.258272674,1.290445999,1.324254716,1.361997231,1.397809271,1.897401677,1.58109225,1.534244566,1.57874125,-1.856288476,-1.50113495,1.670684858,1.92502971,1.468292683,1,0.723492962,1,2.758536585,3,0.872137472,1,3.753690153,3.33559893,2.478627183,2.84581475,0.99459787,0.783300192,1.005464281,0.059177749,0.146404515,4.719714609,2.172490416,2.3393746,-0.043151694,5.436493206,1.712619095,0.637447089,0.383051045,0.290779623,Old
Group1_Serie6C1,-0.520328232,0.015784173,0.030511278,-0.023160403,0.005147099,-0.011796961,0.011774781,-0.014345968,0.023734611,-0.016240689,0.520328232,0.536112406,0.566623684,0.589784087,0.594931186,0.606728147,0.618502928,0.632848896,0.656583508,0.672824197,-0.327809572,0.009137504,-0.006581849,0.007992641,-0.008042936,0.026872459,-0.009318356,-0.001671015,-0.011636951,0.004218924,0.327809572,0.336947076,0.343528925,0.351521566,0.359564502,0.386436962,0.395755317,0.397426333,0.409063283,0.413282207,-0.467455452,0.012908126,-0.00913981,0.011460375,-0.012160177,0.038488677,-0.013796462,-0.002519742,-0.017070632,0.005497921,0.467455452,0.480363578,0.489503388,0.500963763,0.51312394,0.551612617,0.565409078,0.567928821,0.584999452,0.590497373,-0.520385649,-0.350168268,-0.221214227,-0.174357685,-0.136956193,-0.130262529,-0.103380297,-0.106209091,-0.065259597,-0.061591621,0.34974762,0.727861456,0.853147969,0.521319826,0.724125191,0.850955458,0.527553912,0.642908718,0.055771735,0.000440087,0.009915337,-0.001651217,0.01974718,0.011857377,-0.001433295,-0.002494231,0.017516098,0.642908718,0.698680453,0.69912054,0.709035877,0.710687094,0.730434274,0.742291651,0.743724946,0.746219177,0.763735276,0.1565868,0.028764537,0.003227014,0.000496164,0.000781524,0.001314096,0.0024852,0.001654079,0.001703093,0.001069417,0.00048304,0.1565868,0.185351337,0.188578351,0.189074515,0.189856039,0.191170135,0.193655335,0.195309414,0.197012507,0.198081924,0.198564964,1.000004186,0.084684768,0.035112105,0.032716981,0.029446294,0.035331658,0.033391675,0.031821806,0.03366115,0.040242756,0.034843392,1.000004186,1.084688954,1.119801059,1.152518041,1.181964335,1.217295993,1.250687668,1.282509474,1.316170624,1.35641338,1.391256772,1.67134789,1.2582285,3.554312852,1.39322423,-1.611852062,-1.2763823,3.411650067,1.43994538,1.40881459,1,0.625472577,1,2.703196347,2,0.849249389,1,3.283199952,2.717957115,5.10223067,2.21316648,0.980671719,0.135661375,0.983901974,0.017467197,-0.012838928,11.14694205,3.338703648,1.95130415,0.600282077,433.8004353,1.743696452,0.558454185,0.434366707,0.088698808,Old
Group1_Serie7C1,-0.453182025,-0.046295497,0.056273172,0.003547576,-0.061575962,0.044667455,-0.001510377,-0.060528991,0.061779781,0.020414386,0.453182025,0.499477522,0.555750694,0.55929827,0.620874233,0.665541688,0.667052065,0.727581056,0.789360837,0.809775223,-0.305885256,-0.027859086,0.034799651,-0.005228387,-0.030984364,0.042609157,-0.0208459,-0.036776172,0.036327039,0.016252677,0.305885256,0.333744342,0.368543993,0.37377238,0.404756744,0.4473659,0.4682118,0.504987972,0.541315011,0.557567688,-0.438076916,-0.042125133,0.052516137,-0.007066168,-0.04607615,0.062608179,-0.030252085,-0.05512337,0.055400893,0.024064537,0.438076916,0.480202049,0.532718186,0.539784354,0.585860505,0.648468684,0.678720769,0.733844139,0.789245032,0.81330957,-0.453229064,-0.31877036,-0.160454067,-0.072502194,-0.114876426,-0.058687368,-0.032834912,-0.093731228,-0.026938994,0.029219257,0.303728196,0.791760637,0.889809326,0.456573454,0.794160904,0.891157059,0.45362072,0.031025629,0.049738203,0.029902853,0.004823088,0.026131825,-0.021902247,0.005612832,-0.01494954,-0.004626771,-0.018706937,0.031025629,0.080763832,0.110666685,0.115489773,0.141621598,0.163523845,0.169136677,0.184086217,0.188712988,0.207419925,1.946912432,0.199569771,0.063544786,0.057215548,0.055793596,0.063484966,0.057526821,0.062831062,0.05415802,0.054519344,0.053613892,1.946912432,2.146482203,2.21002699,2.267242538,2.323036133,2.386521099,2.44404792,2.506878982,2.561037002,2.615556346,2.669170238,1.000004263,0.087752276,0.040051739,0.035113053,0.034081304,0.035858382,0.040107066,0.03295782,0.03923654,0.032781623,0.032092581,1.000004263,1.087756539,1.127808278,1.162921331,1.197002635,1.232861018,1.272968084,1.305925904,1.345162443,1.377944066,1.410036647,1.810824469,1.5288768,1.548865182,1.497003038,-1.736242789,-1.5249679,1.396016546,1.7123075,1.436363636,1,0.64285113,1,2.7578125,3,0.827838991,1,3.547067258,3.1985385,2.32238033,2.89389016,1.001198656,0.798886541,1.007081216,0.04795777,0.094179283,4.139548546,2.034588053,2.26208435,0.351394702,5.468903441,1.704352711,0.611276357,0.296280976,0.195257408,Old
Group1_Serie8C1,-0.527116996,0.068886144,-0.019676826,-0.007212365,-0.030787226,0.060141517,-0.043020436,-0.002668785,0.034688723,-0.022988598,0.527116996,0.59600314,0.615679966,0.62289233,0.653679557,0.713821073,0.75684151,0.759510295,0.794199018,0.817187616,-0.355003033,0.054723462,-0.029739571,-0.004581259,-0.014928699,0.040295741,-0.030189363,0.011302628,0.019980615,-0.003700259,0.355003033,0.409726495,0.439466065,0.444047324,0.458976023,0.499271764,0.529461127,0.540763756,0.56074437,0.564444629,-0.502385029,0.081142933,-0.042996096,-0.007047735,-0.022219766,0.059697912,-0.044471855,0.016475846,0.029279701,-0.00621414,0.502385029,0.583527962,0.626524058,0.633571793,0.655791559,0.715489471,0.759961326,0.776437172,0.805716873,0.811931013,-0.527179266,-0.288758954,-0.189371006,-0.146391244,-0.164053501,-0.070315363,-0.06956532,-0.086922084,-0.025666028,-0.019469226,0.340543735,0.712854973,0.844307392,0.535622025,0.738848386,0.859562904,0.512365557,0.043687723,0.008072466,-0.04780766,0.011674024,-0.012197866,-0.030698343,-0.023113054,0.019549791,-0.023559586,-0.023403244,0.043687723,0.051760188,0.099567849,0.111241873,0.123439739,0.154138081,0.177251135,0.196800926,0.220360512,0.243763756,1.469900607,0.209386993,0.035847906,0.04987261,0.046669552,0.045641747,0.041239503,0.03647798,0.040082787,0.047819592,0.030162795,1.469900607,1.6792876,1.715135506,1.765008116,1.811677668,1.857319415,1.898558917,1.935036898,1.975119684,2.022939276,2.053102072,1.000002168,0.10703581,0.034865243,0.036938023,0.036391274,0.038340928,0.036767099,0.038971677,0.04122259,0.036068379,0.038716156,1.000002168,1.107037978,1.141903222,1.178841245,1.215232519,1.253573447,1.290340546,1.329312223,1.370534813,1.406603192,1.445319347,1.934218855,1.5578612,1.782583464,1.65033894,-1.880699223,-1.53456395,1.696074796,1.691333775,1.38592233,1,0.661117445,1,2.652068127,2,0.834099108,1,3.814918078,3.26540835,2.61353251,2.79647532,0.988164436,0.654266374,0.99439041,0.034810804,0.007117301,5.367774463,2.3168458,2.5382988,0.373314881,10.05665808,1.747450656,0.579854449,0.291895258,0.129195333,Old
Group1_Serie9C1,-0.455165075,-0.03489494,0.02831102,-0.048347352,0.059819355,-0.006058972,-0.047551988,0.017782086,0.037702169,-0.046132063,0.455165075,0.490060015,0.518371035,0.566718386,0.626537741,0.632596713,0.6801487,0.697930787,0.735632956,0.781765019,-0.322436144,0.008041486,0.00927349,-0.021982362,0.019256007,0.013512686,-0.032474661,-0.002340718,0.036987647,-0.036252075,0.322436144,0.33047763,0.33975112,0.361733482,0.380989489,0.394502176,0.426976836,0.429317554,0.466305201,0.502557276,-0.459251362,0.011576861,0.013627778,-0.032706102,0.028189705,0.019340609,-0.048440638,-0.003254156,0.055554329,-0.053340108,0.459251362,0.470828223,0.484456001,0.517162102,0.545351808,0.564692417,0.613133055,0.616387212,0.671941541,0.725281648,-0.455203473,-0.307496408,-0.181337052,-0.179553126,-0.076945962,-0.031104517,-0.073857252,-0.068326624,0.001898611,-0.036677553,0.343611696,0.787496687,0.887410101,0.460558309,0.776841805,0.881386297,0.472519941,0.055570915,-0.016000366,-0.02542714,-0.014653841,-0.008317026,-0.004447647,-0.009390959,0.042414094,0.023295656,0.003093757,0.055570915,0.071571281,0.096998421,0.111652261,0.119969288,0.124416935,0.133807894,0.176221988,0.199517644,0.202611401,1.572250536,0.197126035,0.043433548,0.044457922,0.043355772,0.049795291,0.044679008,0.046145518,0.044314204,0.039379207,0.036778479,1.572250536,1.769376571,1.812810119,1.857268041,1.900623813,1.950419104,1.995098112,2.041243631,2.085557835,2.124937042,2.161715521,1.000004227,0.09442384,0.036214517,0.034050985,0.029917236,0.037093676,0.031568547,0.03231009,0.039603481,0.037571157,0.031397567,1.000004227,1.094428067,1.130642584,1.164693569,1.194610804,1.23170448,1.263273027,1.295583117,1.335186598,1.372757755,1.404155322,1.761456367,1.36124105,1.81463865,1.61375241,-1.670036978,-1.3590558,1.54651246,1.55506978,1.424074074,1,0.67541925,1,2.725925926,3,0.892596884,1,3.431493345,2.975826605,2.444120741,2.561058045,0.997111124,0.646010906,0.989968064,0.021527776,-0.034226716,4.526793752,2.127626319,2.094710675,0.687272369,11.65621131,1.705881036,0.614966777,0.360420043,0.257812571,Old
Group2_Serie1C1,-0.449534168,0.030285262,-0.07786618,0.052224639,-0.041725117,0.036292439,-0.095800947,0.096414852,-0.000361065,-0.030453488,0.449534168,0.47981943,0.55768561,0.609910249,0.651635366,0.687927805,0.783728752,0.880143604,0.880504669,0.910958157,-0.300620735,0.020122189,-0.037004457,0.032686271,-0.035992285,0.014544141,-0.044422501,0.044942597,0.011589629,-0.039950112,0.300620735,0.320742924,0.357747381,0.390433653,0.426425937,0.440970079,0.48539258,0.530335176,0.541924805,0.581874917,-0.43104969,0.030730227,-0.055307133,0.047634621,-0.053263381,0.020898463,-0.066190242,0.066570645,0.018655571,-0.060322135,0.43104969,0.461779917,0.517087051,0.564721672,0.617985053,0.638883516,0.705073758,0.771644403,0.790299974,0.850622109,-0.451959439,-0.221082218,-0.2179759,-0.105106891,-0.103550229,-0.043088441,-0.150389988,-0.040507289,0.011147977,-0.02399906,0.300660234,0.792338087,0.890133747,0.455396096,0.775977407,0.880895798,0.474012943,-0.002068198,0.044897501,-0.016054226,-0.031752318,-0.026009969,-0.04445613,0.005483817,-0.038754315,-0.026306445,-0.006758423,0.002068198,0.046965699,0.063019925,0.094772243,0.120782212,0.165238342,0.170722158,0.209476473,0.235782918,0.242541341,1.792956101,0.18993923,0.061963342,0.081774181,0.05948586,0.061316611,0.054195245,0.065033934,0.066064138,0.060471565,0.073553087,1.792956101,1.982895331,2.044858673,2.126632855,2.186118715,2.247435327,2.301630572,2.366664505,2.432728643,2.493200208,2.566753295,1.000013225,0.078185383,0.029568054,0.048429328,0.036447959,0.037865403,0.040785162,0.03309244,0.033986185,0.037984692,0.047983036,1.000013225,1.078198608,1.107766661,1.156195989,1.192643948,1.230509352,1.271294514,1.304386954,1.338373139,1.376357832,1.424340867,2.445775915,2.228656,2.035352454,2.4000362,-2.244558351,-1.8130391,1.903004641,2.16625138,1.393103448,1,0.636779872,1,2.705882353,2,0.874007373,1,4.690334267,4.22652697,2.941611197,3.68132357,0.992869574,0.802718373,1.030650751,0.057403128,-0.12041449,7.477285989,2.734462651,2.99623325,0.181037625,4.878280088,1.700769624,0.655341141,0.338899028,0.203486954,Young
Group2_Serie10C1,-0.435306322,-0.006767481,-0.075237345,0.004474609,0.06372613,0.000155412,0.005343921,-0.069631332,0.033369407,0.021691972,0.435306322,0.442073802,0.517311147,0.521785756,0.585511886,0.585667298,0.59101122,0.660642551,0.694011958,0.71570393,-0.294044741,-0.00544769,-0.03719164,-0.002051514,0.025889636,0.01598579,-0.01213444,-0.026207128,0.007245997,0.023265133,0.294044741,0.299492431,0.336684071,0.338735586,0.364625222,0.380611012,0.392745453,0.418952581,0.426198578,0.449463711,-0.419895989,-0.008150655,-0.056358805,-0.004354027,0.038641582,0.023262698,-0.016573145,-0.039119466,0.010539757,0.034337507,0.419895989,0.428046644,0.484405449,0.488759475,0.527401057,0.550663756,0.567236901,0.606356367,0.616896124,0.65123363,-0.435362868,-0.244157532,-0.242440232,-0.207051816,-0.08798082,-0.03534872,0.000338957,-0.06736277,-0.037415746,0.000517883,0.276116542,0.806921841,0.898288284,0.438623675,0.829297296,0.910657617,0.413777304,-0.010182636,-0.009772511,0.071080173,-0.036604043,0.009062654,0.031954757,-0.026917437,0.053139438,0.014806487,0.022664516,0.010182636,0.019955147,0.09103532,0.127639363,0.136702017,0.168656774,0.195574211,0.24871365,0.263520137,0.286184653,1.772951107,0.199811508,0.060825054,0.05670815,0.07207351,0.078272414,0.079763517,0.066061285,0.055165853,0.062288437,0.053177921,1.772951107,1.972762614,2.033587669,2.090295819,2.162369329,2.240641743,2.320405259,2.386466544,2.441632397,2.503920834,2.557098755,1.000008066,0.091193663,0.036632689,0.031125433,0.035162647,0.042377907,0.042946779,0.03158272,0.032668059,0.029339265,0.031459874,1.000008066,1.091201729,1.127834418,1.15895985,1.194122497,1.236500403,1.279447182,1.311029903,1.343697962,1.373037227,1.4044971,1.960008116,1.5638642,1.771793102,1.92930652,-1.943584971,-1.63308195,1.641377554,1.75318292,1.467821782,1,0.698423754,1,2.794554455,3,0.931856947,1,3.903593087,3.49025165,2.538649467,2.971983465,0.996229257,0.74319838,1.006987929,0.01177716,-0.004414488,5.158623162,2.271260258,2.43618015,0.203182208,6.610259444,1.694237432,0.654394941,0.357765689,0.259075916,Young
Group2_Serie11C1,-0.452555583,0.015825625,-0.062876465,0.000965655,0.042223012,-0.004916255,-0.017242366,-0.007297879,0.044018378,-0.052535095,0.452555583,0.468381208,0.531257672,0.532223327,0.574446339,0.579362593,0.59660496,0.603902839,0.647921217,0.700456313,-0.270378526,-0.035068686,-0.01356269,-0.010925605,0.029901535,-0.015062894,-0.005123548,-0.004166629,0.032589181,-0.020639623,0.270378526,0.305447212,0.319009902,0.329935507,0.359837042,0.374899936,0.380023484,0.384190113,0.416779294,0.437418917,-0.388835316,-0.05174802,-0.020519532,-0.015858861,0.043739603,-0.021577275,-0.007626325,-0.007337989,0.048180977,-0.030820421,0.388835316,0.440583337,0.461102868,0.476961729,0.520701332,0.542278608,0.549904932,0.557242922,0.605423898,0.636244319,-0.452567047,-0.239723082,-0.215386291,-0.182904085,-0.088140668,-0.052035007,-0.055005434,-0.05422305,0.016799292,-0.036643981,0.269980619,0.793128623,0.89057769,0.454356444,0.760912372,0.872302913,0.496231817,0.148814696,-0.001422247,0.023786022,-0.013727772,-0.082247535,-0.064440966,-0.030909187,-0.006540817,-0.002648589,0.026986864,0.148814696,0.150236943,0.174022965,0.187750736,0.269998271,0.334439237,0.365348424,0.371889241,0.374537829,0.401524693,1.712318646,0.169383524,0.060739402,0.053438481,0.044792699,0.05327985,0.05273206,0.057903276,0.046846446,0.047360303,0.051449683,1.712318646,1.88170217,1.942441572,1.995880053,2.040672751,2.093952602,2.146684662,2.204587938,2.251434384,2.298794687,2.35024437,1.000003575,0.076971878,0.033067451,0.040881264,0.039484015,0.032156722,0.036591571,0.034501551,0.035114459,0.035648557,0.029507703,1.000003575,1.076975452,1.110042903,1.150924167,1.190408182,1.222564904,1.259156475,1.293658026,1.328772485,1.364421042,1.393928745,2.265270391,1.7777621,2.059387771,2.0561667,-2.158594589,-1.8131509,1.772587762,1.9142503,1.504926108,1,0.712308277,1,2.837037037,3,0.927100831,1,4.42386498,4.01443165,2.948263278,3.1200988,0.994936425,0.729398539,1.006299837,0.032045149,-0.019005656,6.434289923,2.536590216,2.8080536,0.407493841,6.702590046,1.704314266,0.646352481,0.32253393,0.20952459,Young
Group2_Serie12C1,-0.45169141,-0.003362513,0.007267492,-0.04041256,0.054686784,-0.033773426,-0.027445174,0.041439854,0.003384363,-0.036153907,0.45169141,0.455053923,0.462321415,0.502733975,0.557420759,0.591194185,0.618639359,0.660079213,0.663463576,0.699617484,-0.305484723,-0.007696002,-0.001017991,-0.034327879,0.056359775,-0.02869504,-0.020730047,0.035722629,0.006162217,-0.03531897,0.305484723,0.313180726,0.314198716,0.348526596,0.404886371,0.433581411,0.454311458,0.490034086,0.496196304,0.531515274,-0.437417857,-0.011501689,-0.000922854,-0.050420399,0.084320344,-0.044217943,-0.030798026,0.053184205,0.008336609,-0.051990033,0.437417857,0.448919546,0.449842399,0.500262798,0.584583142,0.628801085,0.659599111,0.712783316,0.721119925,0.773109958,-0.453922425,-0.262009158,-0.152170743,-0.146033224,-0.049439922,-0.050583256,-0.085215158,-0.028975155,0.005894768,-0.040371963,0.294524311,0.791326561,0.889565378,0.456481122,0.788323162,0.887875646,0.458789365,0.003590813,-0.018152556,-0.000158613,0.017490957,-0.005252595,0.025467035,0.000180048,0.017096373,-0.065424273,-0.035008962,0.003590813,0.021743369,0.021901981,0.039392938,0.044645533,0.070112568,0.070292616,0.087388988,0.152813261,0.187822223,1.769683072,0.200168887,0.041548192,0.04531338,0.060049177,0.051532439,0.040992266,0.04801554,0.044916833,0.036464336,0.049037647,1.769683072,1.969851958,2.011400151,2.05671353,2.116762708,2.168295146,2.209287413,2.257302953,2.302219786,2.338684122,2.387721769,1.000008534,0.09183046,0.03067596,0.030564907,0.040148627,0.02999023,0.034920296,0.030979928,0.028969702,0.028553562,0.038532315,1.000008534,1.091838994,1.122514954,1.15307986,1.193228488,1.223218718,1.258139014,1.289118942,1.318088644,1.346642206,1.385174521,2.322730046,1.9766372,1.903692146,1.960996,-2.24780368,-2.0520232,1.662488668,1.891732625,1.469656992,1,0.705985475,1,2.748677249,3,0.860455031,1,4.570533726,4.2728295,2.609368431,3.04129935,1.001567451,0.765042091,1.015006339,0.042669009,0.016216168,6.627700783,2.574432128,3.143244575,0.354093437,5.176675412,1.702288846,0.632267793,0.330773015,0.229687821,Young
Group2_Serie13C1,-0.287778375,-0.056551042,-0.018783709,-0.01114905,-0.03259974,0.033733597,0.008165174,-0.034257564,0.019790888,-0.023906844,0.287778375,0.344329417,0.363113126,0.374262176,0.406861916,0.440595513,0.448760687,0.483018251,0.502809139,0.526715983,-0.297896843,0.009868485,-0.011552228,-0.00457367,-0.034505395,0.009102875,0.031503856,-0.032514548,0.017111527,-0.009084625,0.297896843,0.307765328,0.319317555,0.323891225,0.35839662,0.367499494,0.39900335,0.431517898,0.448629425,0.45771405,-0.419819236,0.014604102,-0.01596956,-0.007798271,-0.051029016,0.013999815,0.046159993,-0.047678691,0.025621571,-0.013770973,0.419819236,0.434423338,0.450392897,0.458191168,0.509220185,0.523219999,0.569379992,0.617058684,0.642680254,0.656451227,-0.287880455,-0.145878417,-0.086030669,-0.056883458,-0.070401229,-0.005959031,0.005997285,-0.03382713,-0.001635848,-0.026472244,0.300660234,0.914522172,0.956306526,0.294059113,0.850716396,0.922342884,0.452721199,-4.08E-06,0.125939359,-0.005120947,0.028040294,0.001191575,-0.004594359,0.026408063,0.00357071,-0.036837281,0.002774627,4.08E-06,0.125943438,0.131064384,0.159104678,0.160296253,0.164890612,0.191298675,0.194869385,0.231706667,0.234481293,1.018115151,0.112505582,0.035171511,0.016674349,0.010199061,0.018703197,0.028263719,0.026439493,0.016231885,0.01568946,0.024518111,1.018115151,1.130620732,1.165792243,1.182466593,1.192665654,1.211368851,1.23963257,1.266072064,1.282303949,1.297993408,1.32251152,1.000009398,0.084539912,0.034155939,0.037400549,0.034630301,0.032533746,0.033505296,0.040288121,0.03856468,0.03650891,0.041992698,1.000009398,1.08454931,1.11870525,1.156105799,1.1907361,1.223269846,1.256775142,1.297063263,1.335627943,1.372136853,1.414129551,2.146370488,1.5193906,2.916181881,1.91926104,-1.927789107,-1.51504435,1.710566695,1.864269965,1.457142857,1,0.665282742,1,2.810714286,3,0.921600325,1,4.074159595,3.248207265,3.730216822,2.920962145,0.98747906,0.549881068,1.030615414,0.112418652,-0.010662651,7.601181221,2.757023979,2.2804491,3.634903663,48.86923921,1.603600408,0.77915964,0.475660741,0.397530314,Young
Group2_Serie14C1,-0.468846006,-0.006566807,0.023546241,-0.02610224,-0.030702411,-0.002010171,0.089354458,-0.061792192,-0.004408866,-0.0514964,0.468846006,0.475412813,0.498959054,0.525061294,0.555763705,0.557773876,0.647128335,0.708920527,0.713329393,0.764825793,-0.32731146,0.004189519,0.015604852,-0.010927482,-0.017597942,-0.015121343,0.066906029,-0.037313186,-0.01680089,0.001239435,0.32731146,0.331500979,0.347105831,0.358033313,0.375631254,0.390752598,0.457658627,0.494971813,0.511772703,0.513012139,-0.47137188,0.006567259,0.022332096,-0.016726066,-0.025962218,-0.022431236,0.101037906,-0.055823608,-0.025680395,0.001075712,0.47137188,0.477939139,0.500271235,0.516997301,0.54295952,0.565390756,0.666428661,0.72225227,0.747932664,0.749008377,-0.469162204,-0.289105459,-0.160359086,-0.130616252,-0.150386494,-0.151509562,-0.003982297,-0.021345809,-0.044205677,-0.131972874,0.355883543,0.774939519,0.880306492,0.473849908,0.731069733,0.855026159,0.526825637,0.048297821,-0.034801534,-0.009654637,-0.019881168,0.025579242,-0.053723154,-0.00819481,-0.022324596,-0.029221814,0.000997205,0.048297821,0.083099355,0.092753992,0.11263516,0.138214402,0.191937557,0.200132367,0.222456963,0.251678777,0.252675982,1.695547412,0.185670529,0.049709422,0.049648285,0.034651164,0.044869644,0.04241853,0.057211429,0.054238426,0.049939949,0.051504631,1.695547412,1.881217942,1.930927364,1.980575648,2.015226812,2.060096456,2.102514986,2.159726415,2.213964841,2.26390479,2.315409421,1.000004636,0.088819458,0.032815692,0.030049329,0.043597785,0.036750589,0.037226127,0.036075367,0.031470953,0.025231266,0.044269362,1.000004636,1.088824095,1.121639787,1.151689116,1.195286901,1.232037489,1.269263616,1.305338984,1.336809937,1.362041203,1.406310566,1.803926716,1.59852775,1.458403804,1.422867385,-1.68875212,-1.41978405,1.369872947,1.48868011,1.436111111,1,0.63450144,1,2.746518106,3,0.835546099,1,3.492678836,3.06500473,2.075221057,2.368494735,0.994520944,0.740589389,1.01468653,0.02591755,-0.045714012,3.904766079,1.976048096,2.26628155,0.273369896,6.353896135,1.71365809,0.614000629,0.316282912,0.217150597,Young
Group2_Serie15C1,-0.443340323,0.025958793,-0.027388033,-0.017074884,-0.036839884,0.049466631,-0.006515618,-0.036900233,-0.001070377,0.028773288,0.443340323,0.469299116,0.496687149,0.513762032,0.550601916,0.600068547,0.606584165,0.643484398,0.644554776,0.673328064,-0.312791388,0.021970706,-0.01435597,0.012293725,-0.040246175,0.039000923,-0.007698354,-0.019457689,-0.006018619,0.030564842,0.312791388,0.334762093,0.349118063,0.361411788,0.401657963,0.440658887,0.44835724,0.46781493,0.473833548,0.50439839,-0.444307903,0.034032073,-0.021671473,0.017258996,-0.058723346,0.05901607,-0.010861297,-0.03042588,-0.009715524,0.04619121,0.444307903,0.478339976,0.500011449,0.517270445,0.575993791,0.635009862,0.645871159,0.676297039,0.686012563,0.732203773,-0.443569689,-0.214952597,-0.141835659,-0.113574931,-0.141456566,-0.062759767,-0.029518332,-0.072256543,-0.079953069,-0.032359902,0.33133985,0.800334179,0.894613983,0.446851054,0.838863639,0.915894994,0.410644292,0.041710693,0.036237317,0.022493042,-0.003403312,0.00975744,-0.005676929,-0.017580838,-0.017761572,-0.078243074,-0.026610924,0.041710693,0.07794801,0.100441051,0.103844363,0.113601803,0.119278732,0.13685957,0.154621142,0.232864216,0.25947514,1.847962502,0.203906701,0.0634036,0.063870329,0.067670854,0.079095476,0.067204002,0.068654067,0.060461632,0.075062856,0.076168295,1.847962502,2.051869203,2.115272802,2.179143131,2.246813986,2.325909462,2.393113464,2.46176753,2.522229162,2.597292019,2.673460314,1.000007104,0.084912524,0.030747445,0.032273456,0.034133175,0.035303008,0.030483528,0.032684281,0.041173971,0.027157447,0.035057671,1.000007104,1.084919627,1.115667073,1.147940529,1.182073704,1.217376711,1.24786024,1.28054452,1.321718491,1.348875938,1.383933609,2.233824897,1.7657309,1.876789889,2.08991345,-2.062694056,-1.88015275,1.614565436,1.937204735,1.384057971,1,0.630410703,1,2.727272727,3,0.876592304,1,4.296518953,3.791420465,2.633765795,3.6627296,0.988306027,0.834530439,1.029018465,0.062152608,0.030928439,6.04858847,2.459387824,2.8172762,0.333974682,4.597510373,1.698392935,0.66360525,0.338714337,0.275406856,Young
Group2_Serie16C1,-0.401660052,-0.029968471,-0.027021246,0.043778231,0.00405979,-0.024342926,-0.065190957,0.092860976,-0.052173959,0.02476293,0.401660052,0.431628523,0.458649769,0.502428,0.50648779,0.530830716,0.596021673,0.68888265,0.741056608,0.765819538,-0.291206058,0.004151565,-0.031761499,0.041993896,0.011742867,-0.04964143,-0.004838097,0.033875347,-0.013194694,0.000236625,0.291206058,0.295357624,0.327119122,0.369113018,0.380855885,0.430497316,0.435335413,0.469210761,0.482405454,0.482642079,-0.41729299,0.005442698,-0.045266969,0.062749137,0.01859777,-0.073591574,-0.007270608,0.051306458,-0.020656413,-0.00052987,0.41729299,0.422735688,0.468002657,0.530751794,0.549349564,0.622941138,0.630211746,0.681518204,0.702174617,0.702704487,-0.403556027,-0.230677409,-0.173071787,-0.063101307,-0.014605584,-0.027207101,-0.105418096,0.008929272,-0.049423128,-0.001799663,0.312932081,0.837260411,0.91501935,0.404787923,0.852007472,0.923042508,0.388269816,0.042398805,0.013198829,-0.019973959,-0.015849429,-0.003188134,-0.009819281,0.02075581,-0.042787752,0.018881398,-0.014925832,0.042398805,0.055597633,0.075571593,0.091421022,0.094609156,0.104428438,0.125184248,0.167972,0.186853398,0.20177923,1.606296472,0.17278656,0.070752713,0.064245965,0.043485137,0.047634539,0.053536214,0.057849015,0.065044708,0.070038252,0.053086862,1.606296472,1.779083032,1.849835745,1.91408171,1.957566847,2.005201386,2.058737601,2.116586615,2.181631323,2.251669575,2.304756437,1.000009203,0.082201258,0.032320698,0.037541945,0.032981094,0.037768393,0.039988183,0.033203917,0.03268077,0.034156877,0.041552064,1.000009203,1.082210461,1.114531159,1.152073104,1.185054197,1.222822591,1.262810774,1.29601469,1.32869546,1.362852337,1.404404401,2.472045556,1.9492929,2.275403766,2.2476911,-2.209747126,-1.9884155,1.73520331,1.74683105,1.449122807,1,0.688211298,1,2.788732394,3,0.953557489,1,4.681792682,4.1120393,3.04098407,3.580575223,0.999817802,0.739378776,1.017463713,0.095269297,0.007515613,7.440312129,2.727693555,3.08586595,0.711155264,7.346513105,1.671959854,0.68355239,0.434789188,0.334699945,Young
Group2_Serie17C1,-0.451030684,0.016221618,-0.012455247,-0.037152955,0.047284169,-0.028492638,-0.001417095,0.015837743,0.010301141,0.007839845,0.451030684,0.467252302,0.479707549,0.516860504,0.564144673,0.592637311,0.594054407,0.60989215,0.620193291,0.628033135,-0.309199265,-0.002794078,0.00682046,-0.032590299,0.038427217,-0.014768548,-0.007310167,0.012311632,0.008509928,0.012880934,0.309199265,0.311993344,0.318813803,0.351404102,0.389831319,0.404599867,0.411910035,0.424221667,0.432731595,0.445612529,-0.442104505,-0.002751132,0.009222468,-0.048964557,0.056363919,-0.021924659,-0.010703722,0.019206709,0.012577811,0.019201318,0.442104505,0.444855637,0.454078105,0.503042662,0.559406581,0.581331239,0.592034961,0.61124167,0.62381948,0.643020798,-0.451087014,-0.235561911,-0.146136425,-0.142931983,-0.057854388,-0.056402647,-0.051630766,-0.019784479,0.015597501,0.032213716,0.282252465,0.797217228,0.892870219,0.453227311,0.802614295,0.895887435,0.444796433,-0.055962687,-0.012299866,-0.059924899,-0.017783574,0.032120277,-0.015142305,-0.016556341,-0.055553823,-0.008738754,-0.005995582,0.055962687,0.068262553,0.128187452,0.145971026,0.178091303,0.193233608,0.209789949,0.265343772,0.274082526,0.280078107,1.966586893,0.211574254,0.062083571,0.077644639,0.0757561,0.087886549,0.073506703,0.063060087,0.067256403,0.072916988,0.072979518,1.966586893,2.178161147,2.240244718,2.317889357,2.393645457,2.481532006,2.555038709,2.618098796,2.685355199,2.758272188,2.831251706,1.000010477,0.088583883,0.044213749,0.042604273,0.035236192,0.037438306,0.037416021,0.034415749,0.030095824,0.035278395,0.038985742,1.000010477,1.08859436,1.132808108,1.175412381,1.210648574,1.248086879,1.2855029,1.31991865,1.350014474,1.385292869,1.424278612,2.397190533,2.0606282,1.894313522,2.300746803,-2.168933161,-1.8862341,1.678313366,2.070525573,1.453172205,1,0.642023716,1,2.806646526,3,0.862739431,1,4.566123694,4.1179428,2.622948395,3.312460818,0.99930468,0.82561663,1.017426555,0.108270989,0.007198671,6.45540182,2.540748279,2.91112915,0.244018389,4.228871325,1.702040668,0.652062564,0.417006047,0.369248703,Young
Group2_Serie18C1,-0.45211576,0.011368359,-0.047077615,0.070986348,-0.056135976,-0.01348112,0.034999527,-0.036907869,0.024907922,0.001497299,0.45211576,0.463484119,0.510561734,0.581548082,0.637684058,0.651165178,0.686164705,0.723072573,0.747980495,0.749477794,-0.298589207,0.013638392,-0.040334634,0.047500907,-0.036581901,-0.003310415,0.021909113,-0.007321718,-0.008287559,0.006627691,0.298589207,0.312227599,0.352562233,0.40006314,0.436645041,0.439955456,0.46186457,0.469186288,0.477473847,0.484101538,-0.432978027,0.020376673,-0.059651564,0.071004478,-0.05500871,-0.005461356,0.03195412,-0.011836354,-0.0113122,0.009773403,0.432978027,0.4533547,0.513006263,0.584010742,0.639019452,0.644480808,0.676434928,0.688271282,0.699583482,0.709356885,-0.452333936,-0.243506106,-0.202294827,-0.062292602,-0.077870893,-0.0951558,-0.032891187,-0.064883026,-0.030086399,-0.005341379,0.300660234,0.793754177,0.890928828,0.4544671,0.810889066,0.90049379,0.436455233,0.016821418,-0.02087505,0.023978989,-0.007000786,0.053398175,0.009404374,0.009980015,0.006297893,0.006038643,0.029938607,0.016821418,0.037696468,0.061675457,0.068676243,0.122074418,0.131478792,0.141458807,0.1477567,0.153795343,0.18373395,2.015705682,0.202372378,0.07842462,0.070549849,0.065431101,0.070218235,0.068388772,0.068440188,0.071977013,0.069930111,0.067263731,2.015705682,2.21807806,2.29650268,2.367052529,2.432483631,2.502701865,2.571090637,2.639530825,2.711507838,2.78143795,2.848701681,1.000007655,0.079509381,0.031871597,0.032762024,0.024338696,0.035233971,0.035378845,0.033850826,0.040344669,0.033895289,0.037343596,1.000007655,1.079517036,1.111388634,1.144150657,1.168489353,1.203723324,1.239102169,1.272952995,1.313297664,1.347192953,1.384536549,2.148561194,1.8126109,1.759009001,1.736246575,-2.051670268,-1.8114327,1.617791272,1.957396228,1.41025641,1,0.651731826,1,2.705607477,2,0.850549543,1,4.200231462,3.75787953,2.575767201,2.972710758,0.993479103,0.818663446,1.013796925,0.055575408,0.064994361,5.741998492,2.396246751,2.8799653,0.22821483,4.69481337,1.703619216,0.642390288,0.33958978,0.264738864,Young
Group2_Serie19C1,-0.462082975,0.039701727,-0.066880735,0.018599396,0.016120912,-0.024311172,0.001501057,0.000513019,0.036945166,-0.012249397,0.462082975,0.501784701,0.568665436,0.587264832,0.603385744,0.627696915,0.629197972,0.629710991,0.666656157,0.678905554,-0.328426258,0.029914633,-0.038064312,0.023128041,0.004658807,-0.019038047,0.007804228,0.004334803,0.014688397,-0.011141889,0.328426258,0.358340891,0.396405203,0.419533244,0.424192051,0.443230099,0.451034326,0.455369129,0.470057527,0.481199416,-0.467674175,0.044314795,-0.057537732,0.034552313,0.007209986,-0.027172892,0.011498555,0.00635145,0.022611287,-0.015818521,0.467674175,0.51198897,0.569526702,0.604079015,0.611289001,0.638461893,0.649960448,0.656311898,0.678923185,0.694741706,-0.463132678,-0.221879506,-0.196768373,-0.138784874,-0.071599072,-0.073733909,-0.065650219,-0.049493058,0.013569665,0.019336919,0.297592273,0.785414996,0.886236422,0.464067848,0.805579969,0.897541068,0.444179163,0.000177861,0.011086062,0.063598113,0.044373726,0.009859548,-0.015757525,-0.047037847,0.050734176,-0.034973984,-0.049628272,0.000177861,0.011263923,0.074862035,0.119235762,0.129095309,0.144852834,0.191890681,0.242624857,0.27759884,0.327227112,1.808930696,0.214799046,0.065883292,0.055401271,0.051872118,0.054888061,0.053540782,0.053006245,0.06475731,0.059248718,0.048510719,1.808930696,2.023729742,2.089613034,2.145014305,2.196886423,2.251774485,2.305315266,2.358321511,2.423078821,2.482327539,2.530838257,1.000006624,0.088223656,0.030926764,0.034636155,0.034028641,0.03343141,0.030097938,0.0298466,0.030768631,0.03029633,0.030318466,1.000006624,1.08823028,1.119157043,1.153793199,1.18782184,1.22125325,1.251351187,1.281197788,1.311966419,1.342262748,1.372581215,2.06250333,1.7107246,1.880537987,1.865468335,-1.92401688,-1.5865039,1.720555263,1.792288035,1.393442623,1,0.60873015,1,2.702258727,2,0.86760101,1,3.986520209,3.5517395,2.743938221,3.211437043,0.990929573,0.740171113,0.997365849,0.062477576,-0.013214726,5.645888388,2.376107823,2.46033585,0.149206691,6.448710807,1.708797801,0.645988084,0.368634105,0.307785552,Young
Group2_Serie2C1,-0.435022401,-0.050011162,0.10491833,-0.081709415,0.01406523,-0.02056578,0.021512871,-0.012551758,-0.002329169,-0.019575952,0.435022401,0.485033563,0.589951893,0.671661308,0.685726538,0.706292319,0.72780519,0.740356948,0.742686117,0.76226207,-0.293893272,-0.047751215,0.074546828,-0.04283034,0.003317398,-0.022328795,0.031430543,-0.025970822,0.004367286,-0.012277895,0.293893272,0.341644488,0.416191316,0.459021656,0.462339053,0.484667848,0.516098391,0.542069213,0.546436499,0.558714393,-0.421507095,-0.070378083,0.110907624,-0.063461279,0.0052701,-0.033298388,0.04638639,-0.038414254,0.00673795,-0.017812584,0.421507095,0.491885178,0.602792802,0.666254081,0.671524181,0.704822569,0.751208959,0.789623213,0.796361162,0.814173746,-0.435086003,-0.296846772,-0.071412621,-0.096590491,-0.058398762,-0.077299907,-0.031562309,-0.033755118,-0.022953809,-0.05509264,0.309864119,0.808949858,0.899416398,0.43696811,0.796085235,0.892236087,0.451539585,-0.013515967,0.020005237,0.045011636,0.029273477,0.050297857,0.002584458,-0.057149077,-0.015507799,0.003087024,0.039611112,0.013515967,0.033521204,0.078532841,0.107806317,0.158104174,0.160688632,0.217837709,0.233345508,0.236432532,0.276043644,1.840885869,0.171782479,0.047943308,0.057827113,0.049509654,0.058713594,0.057618617,0.059013861,0.053360139,0.054998183,0.049831331,1.840885869,2.012668348,2.060611657,2.11843877,2.167948424,2.226662018,2.284280635,2.343294495,2.396654635,2.451652817,2.501484148,1.00000615,0.082492362,0.033590239,0.035004176,0.036755247,0.035207006,0.028831705,0.032508239,0.033736752,0.030953746,0.040517706,1.00000615,1.082498512,1.11608875,1.151092926,1.187848173,1.223055179,1.251886885,1.284395124,1.318131876,1.349085622,1.389603329,1.893275991,1.6023334,1.7014435,1.80615502,-1.785129816,-1.52266585,1.365368236,1.699013375,1.435840708,1,0.616008503,1,2.800884956,3,0.855502142,1,3.678405806,3.41133,2.355982053,2.98455654,0.994492856,0.745385702,0.993170594,0.037422333,-0.046845932,4.399020744,2.097384262,2.359379575,0.605352054,6.299286455,1.693836051,0.631140125,0.374152352,0.309607762,Young
Group2_Serie20C1,-0.401536017,-0.06709053,0.016220048,0.005146158,-0.02631914,0.025233338,0.071135598,-0.111176766,0.026132052,0.043363249,0.401536017,0.468626546,0.484846594,0.489992752,0.516311892,0.54154523,0.612680828,0.723857594,0.749989646,0.793352895,-0.275845728,-0.045162939,0.014051282,0.008354941,-0.02324093,0.007771927,0.057306114,-0.061441451,0.013650789,0.032808296,0.275845728,0.321008667,0.33505995,0.34341489,0.366655821,0.374427748,0.431733862,0.493175313,0.506826101,0.539634397,-0.387932917,-0.066026556,0.019970361,0.010996222,-0.034879658,0.012360102,0.085044549,-0.090538536,0.020115641,0.047705214,0.387932917,0.453959473,0.473929834,0.484926056,0.519805714,0.532165816,0.617210365,0.7077489,0.727864541,0.775569755,-0.401855824,-0.270979454,-0.161602977,-0.097584992,-0.100932113,-0.054397848,0.064728556,-0.057250033,-0.026712774,0.029738214,0.269980619,0.833533335,0.912980468,0.406553424,0.777995167,0.882040343,0.500495414,0.139541713,-0.050111482,-0.038812488,-0.063103935,-0.016511478,-0.031591802,0.008532773,0.013207479,0.011415916,-0.018953467,0.139541713,0.189653195,0.228465683,0.291569618,0.308081096,0.339672898,0.348205671,0.36141315,0.372829067,0.391782534,1.437169776,0.194673817,0.079146837,0.062157212,0.070114356,0.051494824,0.062028013,0.053574052,0.047633719,0.069899311,0.07326009,1.437169776,1.631843593,1.71099043,1.773147641,1.843261997,1.894756821,1.956784834,2.010358886,2.057992605,2.127891916,2.201152006,1.000005262,0.099092651,0.039736829,0.043861798,0.033156382,0.034213109,0.031175786,0.03192192,0.038158604,0.028158362,0.026142458,1.000005262,1.099097913,1.138834741,1.18269654,1.215852922,1.250066031,1.281241817,1.313163737,1.351322341,1.379480703,1.405623161,2.054444913,1.43618845,2.372384768,1.844583765,-1.96252233,-1.56194905,1.671282286,1.813461055,1.513636364,1,0.672211273,1,2.849315068,3,0.898590633,1,4.016967243,3.16352709,3.212425542,3.08819007,1.011428321,0.735860899,1.056730477,0.03012315,-0.012669678,6.263559278,2.502710386,2.2398645,1.094313721,9.236491925,1.67391811,0.659556963,0.413118454,0.365366897,Young
Group2_Serie3C1,-0.471553041,0.006204157,-0.004863154,-0.003599003,-0.015451016,0.023248424,-0.028512577,0.004086875,0.057543448,-0.089513211,0.471553041,0.477757198,0.482620351,0.486219354,0.50167037,0.524918794,0.553431371,0.557518246,0.615061694,0.704574905,-0.314414042,-0.004961914,-0.012679988,0.014025152,-0.014626648,0.025872875,-0.030590941,0.01098304,0.036015609,-0.056644599,0.314414042,0.319375956,0.332055944,0.346081096,0.360707744,0.38658062,0.417171561,0.428154601,0.46417021,0.520814808,-0.4524662,-0.00658824,-0.01940786,0.020619935,-0.02170752,0.038722941,-0.046166027,0.016111258,0.053609155,-0.084378572,0.4524662,0.45905444,0.4784623,0.499082235,0.520789755,0.559512696,0.605678723,0.621789981,0.675399136,0.759777708,-0.471553039,-0.278545135,-0.187184501,-0.133765175,-0.119399248,-0.067946041,-0.078872519,-0.073696086,0.023690485,-0.064741865,0.309864119,0.776263199,0.881058,0.473293796,0.774242885,0.879910725,0.474453125,-0.021898286,-0.048877623,-0.024352339,-0.016816695,0.011870332,0.017516452,0.011886689,-0.022662948,-0.039030996,-0.032109865,0.021898286,0.070775909,0.095128248,0.111944942,0.123815275,0.141331726,0.153218416,0.175881364,0.21491236,0.247022225,1.957912362,0.193888822,0.059289621,0.049427905,0.048486314,0.054447098,0.050398999,0.047110107,0.045903046,0.054672325,0.052356824,1.957912362,2.151801184,2.211090805,2.26051871,2.309005024,2.363452122,2.413851122,2.460961229,2.506864275,2.5615366,2.613893424,1.000006514,0.083661896,0.027554065,0.029356906,0.035761646,0.028117959,0.033846078,0.032787541,0.026687481,0.032553366,0.031566853,1.000006514,1.08366841,1.111222476,1.140579382,1.176341028,1.204458987,1.238305065,1.271092605,1.297780087,1.330333452,1.361900306,1.858356472,1.6002601,1.506287269,1.486942765,-1.789178438,-1.5686987,1.328068941,1.604747275,1.476890756,1,0.693952521,1,2.768907563,3,0.86885264,1,3.64753491,3.217923345,2.21206709,2.63168652,0.994516402,0.782853612,1.008488112,0.043358908,0.04057094,4.10093842,2.025077386,2.43402685,0.288390962,4.990579937,1.715184458,0.618591805,0.317005367,0.245964207,Young
Group2_Serie4C1,-0.434295771,-0.054194192,0.013527412,-0.020737514,0.054092979,-0.002711152,-0.057157185,0.04865531,-0.039171158,0.032715081,0.434295771,0.488489962,0.502017374,0.522754888,0.576847867,0.579559018,0.636716204,0.685371514,0.724542671,0.757257752,-0.289824286,-0.023357528,0.004551355,-0.00996881,0.029568852,-0.00882801,-0.028709334,0.031843692,-0.03089255,0.025003983,0.289824286,0.313181815,0.31773317,0.32770198,0.357270832,0.366098842,0.394808176,0.426651868,0.457544418,0.482548401,-0.415852931,-0.034904735,0.006685957,-0.014885589,0.043547302,-0.012822076,-0.042593201,0.047381487,-0.045384386,0.037651203,0.415852931,0.450757667,0.457443624,0.472329213,0.515876515,0.528698591,0.571291791,0.618673279,0.664057665,0.701708867,-0.435586638,-0.304169595,-0.202629004,-0.174744848,-0.070108914,-0.019723391,-0.07212285,-0.01209143,-0.050166495,-0.01161633,0.29145635,0.809079376,0.899488397,0.436446279,0.812240203,0.901243698,0.432190712,0.103033972,0.005030914,0.03568591,0.013846449,0.01833946,-0.005995226,0.002761276,-0.030334344,0.038264406,0.009443305,0.103033972,0.108064885,0.143750796,0.157597245,0.175936705,0.181931931,0.184693207,0.21502755,0.253291957,0.262735262,1.810097425,0.167678214,0.050891925,0.046771938,0.047342971,0.056413891,0.052844438,0.055854025,0.053545078,0.046105297,0.051573545,1.810097425,1.977775639,2.028667564,2.075439502,2.122782473,2.179196364,2.232040801,2.287894827,2.341439905,2.387545201,2.439118747,1.00000524,0.069143021,0.030223625,0.03013922,0.033002202,0.032476189,0.039000794,0.034098842,0.027561118,0.034185608,0.030468373,1.00000524,1.069148261,1.099371887,1.129511107,1.162513308,1.194989497,1.233990292,1.268089134,1.295650252,1.32983586,1.360304233,1.725201719,1.3684379,1.676055425,1.57196804,-1.738926616,-1.46860955,1.572948462,1.74752,1.384879725,1,0.615053475,1,2.731958763,3,0.866458127,1,3.464128336,2.91770227,2.511482811,2.79778002,0.996342551,0.711845586,0.990185208,-0.008444754,0.012094323,4.39991465,2.097597352,2.1455915,0.209382846,8.014152523,1.692800397,0.631245623,0.316862015,0.261014228,Young
Group2_Serie5C1,-0.468472306,-0.001767682,-0.014216902,0.067527162,-0.07825662,0.01628115,0.020441545,-0.013717683,-0.022154103,-0.018055867,0.468472306,0.470239988,0.48445689,0.551984052,0.630240672,0.646521822,0.666963367,0.68068105,0.702835153,0.72089102,-0.311845667,0.008275175,-0.034819596,0.043105242,-0.031146835,0.012069741,0.000653178,-0.003091372,-0.000651514,-0.014102363,0.311845667,0.320120842,0.354940438,0.39804568,0.429192515,0.441262256,0.441915433,0.445006805,0.44565832,0.459760683,-0.447251785,0.011566526,-0.050403567,0.063586,-0.046328612,0.018475245,0.000945873,-0.003289418,-0.002210064,-0.021292944,0.447251785,0.458818311,0.509221878,0.572807877,0.619136489,0.637611734,0.638557606,0.641847024,0.644057088,0.665350031,-0.468575897,-0.284937316,-0.207418118,-0.056099748,-0.096753709,-0.084341441,-0.038286869,-0.037872153,-0.057966116,-0.096614091,0.343611696,0.778660128,0.882417207,0.469822191,0.797178449,0.892848503,0.450796219,0.075298127,0.046028414,0.077039395,0.057729285,-0.015282004,0.018373088,-0.029521768,-0.040581472,-0.004356537,-0.031397763,0.075298127,0.121326541,0.198365936,0.256095221,0.271377225,0.289750313,0.319272081,0.359853553,0.36421009,0.395607854,1.778108876,0.201228416,0.063121436,0.071450834,0.061458717,0.052819075,0.055683271,0.058922774,0.055991254,0.048989522,0.061096488,1.778108876,1.979337292,2.042458728,2.113909562,2.17536828,2.228187355,2.283870626,2.3427934,2.398784654,2.447774176,2.508870664,1.00000166,0.089601384,0.032812311,0.030620363,0.032969555,0.035032353,0.0343476,0.037531806,0.036184393,0.024057172,0.029963719,1.00000166,1.089603043,1.122415355,1.153035717,1.186005273,1.221037626,1.255385226,1.292917032,1.329101425,1.353158597,1.383122316,2.215582917,1.8269184,1.999991699,2.068030165,-2.173087737,-1.8233752,1.791170607,1.988119378,1.47311828,1,0.700852281,1,2.744086022,3,0.893639204,1,4.388670654,3.843085,2.912446449,3.332318053,0.988813937,0.7343181,1.004643994,0.001352952,-0.036919661,6.480807912,2.545743096,2.785110125,0.238671924,6.253717623,1.713687031,0.617412894,0.334593387,0.242986248,Young
Group2_Serie6C1,-0.486373145,0.036791049,-0.015503935,0.016586232,-0.03089508,0.008511593,0.018989075,-0.010085489,-0.004137732,-0.003346772,0.486373145,0.523164194,0.53866813,0.555254361,0.586149441,0.594661034,0.613650108,0.623735598,0.62787333,0.631220102,-0.324750389,0.023364491,-0.004020702,-0.003595012,-0.003059385,0.026755849,-0.015479956,0.011526103,-0.002675082,-0.014597295,0.324750389,0.34811488,0.352135582,0.355730594,0.35878998,0.385545829,0.401025785,0.412551888,0.41522697,0.429824264,-0.464552649,0.034974357,-0.005685035,-0.004939847,-0.004767652,0.04033232,-0.023197899,0.016451791,-0.00403421,-0.02195263,0.464552649,0.499527007,0.505212042,0.510151889,0.51491954,0.555251861,0.57844976,0.594901551,0.598935761,0.620888391,-0.486634977,-0.264008225,-0.170001602,-0.088619462,-0.090518065,-0.069605301,-0.024877615,-0.01643036,-0.017071441,-0.020526153,0.285320427,0.760461171,0.872044249,0.489177762,0.784770019,0.885872462,0.465530128,0.005618644,-0.008772276,0.008935134,0.050028419,0.042098812,0.04468778,-0.017518097,0.007599705,-0.017697519,0.035707008,0.005618644,0.01439092,0.023326054,0.073354473,0.115453285,0.160141065,0.177659162,0.185258868,0.202956387,0.238663394,1.783631485,0.169304894,0.040616239,0.040502921,0.054153214,0.054432524,0.051883345,0.045494899,0.047901542,0.042238594,0.047343242,1.783631485,1.952936379,1.993552618,2.034055538,2.088208752,2.142641276,2.194524621,2.24001952,2.287921062,2.330159656,2.377502897,1.000003349,0.078480989,0.028856024,0.033087044,0.033052393,0.030685311,0.037469262,0.030337761,0.031905648,0.028841737,0.035064727,1.000003349,1.078484338,1.107340362,1.140427406,1.173479799,1.20416511,1.241634373,1.271972134,1.303877781,1.332719518,1.367784246,1.833809515,1.5549975,1.701204269,1.74383749,-1.833934645,-1.5081942,1.555086738,1.603852515,1.390998594,1,0.627203037,1,2.718309859,2,0.893213697,1,3.66774416,3.18319524,2.516634215,2.747717618,0.994731521,0.676268301,0.972625259,-0.014232508,-0.11425068,4.683059004,2.164037662,2.31180565,0.254152071,8.608918672,1.723962332,0.614888754,0.364311538,0.327723895,Young
Group2_Serie7C1,-0.463457564,-0.011422132,0.004513845,0.011665853,0.016842784,-0.062731182,0.026758014,-0.008909936,0.032795718,-0.01270414,0.463457564,0.474879695,0.47939354,0.491059393,0.507902177,0.570633359,0.597391373,0.60630131,0.639097028,0.651801168,-0.317119699,0.007923448,-0.004300335,0.02252036,-0.004071664,-0.038311911,0.02240062,-0.00300573,0.014708126,-0.001727024,0.317119699,0.325043147,0.329343482,0.351863842,0.355935505,0.394247416,0.416648036,0.419653767,0.434361893,0.436088917,-0.449978459,0.011605357,-0.006459511,0.033362531,-0.006394432,-0.056957681,0.033367235,-0.004401621,0.022364447,-0.003086181,0.449978459,0.461583816,0.468043328,0.501405858,0.50780029,0.564757971,0.598125206,0.602526827,0.624891274,0.627977455,-0.463604404,-0.291836296,-0.190951925,-0.110371047,-0.044937764,-0.098547512,-0.073558624,-0.069047812,-0.01315228,-0.008189945,0.312932081,0.781965124,0.884287919,0.46624435,0.756653935,0.869858572,0.496605709,-0.034838309,0.048926793,-0.022945085,0.017253486,-0.014167014,0.009442791,-0.005705679,-0.0239594,0.016956256,0.092474502,0.034838309,0.083765102,0.106710187,0.123963673,0.138130687,0.147573478,0.153279157,0.177238557,0.194194813,0.286669315,1.632840136,0.184817402,0.056382947,0.055965869,0.054496425,0.058611266,0.052152188,0.04459782,0.053624171,0.054685527,0.053798951,1.632840136,1.817657538,1.874040485,1.930006354,1.984502779,2.043114046,2.095266234,2.139864053,2.193488225,2.248173751,2.301972702,1.000007462,0.085787258,0.038534593,0.034371633,0.033964343,0.043573517,0.031601341,0.040202137,0.033163053,0.030278289,0.034071645,1.000007462,1.08579472,1.124329313,1.158700946,1.192665289,1.236238806,1.267840147,1.308042284,1.341205337,1.371483626,1.405555271,2.00358436,1.5562123,1.849990888,1.769193295,-2.014251303,-1.6683799,1.7411793,1.716719493,1.397647059,1,0.65839579,1,2.76,3,0.910525455,1,4.017835663,3.4413802,2.768710486,3.173066708,0.997666751,0.700999649,1.002695701,0.009827069,-0.063422839,5.59135204,2.364603992,2.53200115,0.159132393,7.360716879,1.710724312,0.617973381,0.367718033,0.278276498,Young
Group2_Serie8C1,-0.432239822,-0.019895904,0.030135719,-0.023679562,0.00836336,0.018497624,-0.066266303,0.097325966,-0.050103342,-0.011018255,0.432239822,0.452135726,0.482271445,0.505951007,0.514314367,0.532811991,0.599078294,0.696404259,0.746507602,0.757525856,-0.286584981,-0.034333582,0.042724501,-0.02425085,0.022148248,0.015546862,-0.053483965,0.055672171,-0.036161275,0.010904181,0.286584981,0.320918563,0.363643064,0.387893913,0.410042161,0.425589023,0.479072988,0.534745159,0.570906434,0.581810615,-0.40957216,-0.050509548,0.062705464,-0.03544658,0.032938309,0.02141852,-0.0787094,0.081788163,-0.053539519,0.01556994,0.40957216,0.460081708,0.522787172,0.558233752,0.591172061,0.612590581,0.691299981,0.773088143,0.826627663,0.842197602,-0.432452573,-0.258790187,-0.129773681,-0.081581061,-0.044973309,-0.006065412,-0.071109806,0.042721472,0.002531738,-0.018487873,0.223961195,0.810285844,0.900158788,0.434766748,0.807647075,0.898691869,0.438160534,-0.020286359,-0.050711717,0.021173825,0.001994974,-0.058221232,0.067611756,-0.097388856,-0.056371942,-0.036045083,0.032263437,0.020286359,0.070998076,0.092171901,0.094166875,0.152388106,0.219999862,0.317388718,0.37376066,0.409805743,0.44206918,1.522051724,0.175000128,0.040116269,0.058051884,0.044567611,0.053829177,0.06474084,0.068313314,0.064728494,0.058699353,0.059129662,1.522051724,1.697051852,1.737168121,1.795220005,1.839787616,1.893616793,1.958357633,2.026670947,2.091399441,2.150098794,2.209228456,1.000006899,0.080923511,0.036060714,0.036241995,0.034284587,0.038787143,0.034536827,0.033973426,0.031654756,0.042229043,0.0374924,1.000006899,1.08093041,1.116991124,1.153233119,1.187517705,1.226304848,1.260841675,1.294815101,1.326469857,1.3686989,1.4061913,2.226594252,1.6909877,2.325900432,2.167348913,-2.208453108,-1.6428675,2.116260236,2.013632463,1.46997389,1,0.70785551,1,2.827225131,3,0.923016933,1,4.435047361,3.5717667,3.3543156,3.553096203,1.002878962,0.661816175,1.014149965,0.01898686,-0.049117388,7.339235224,2.709102291,2.5323727,0.397236276,10.60773097,1.692302349,0.650048634,0.47079845,0.418476571,Young
Group2_Serie9C1,-0.462936568,0.004027758,-0.02082809,0.008973358,-0.0208359,0.021726913,-0.00073056,-0.007911523,-0.043730717,0.090866475,0.462936568,0.466964326,0.487792416,0.496765774,0.517601674,0.539328586,0.540059146,0.547970669,0.591701386,0.682567862,-0.279849392,-0.024690399,0.005491895,0.024935122,-0.041029306,0.003789311,0.025767409,-0.015976411,-0.014962544,0.03250125,0.279849392,0.30453979,0.310031685,0.334966807,0.375996114,0.379785425,0.405552834,0.421529245,0.436491788,0.468993038,-0.394341294,-0.036841253,0.008807669,0.036172767,-0.062005306,0.005886715,0.037062487,-0.023157836,-0.021201698,0.048133125,0.394341294,0.431182547,0.439990216,0.476162983,0.53816829,0.544055005,0.581117492,0.604275327,0.625477026,0.673610151,-0.463008406,-0.268303878,-0.194859001,-0.133973265,-0.124130944,-0.076134177,-0.049165932,-0.043986505,-0.101531228,0.015744377,0.294524311,0.784592834,0.88577245,0.463512003,0.815097129,0.902827297,0.431492271,-0.033744046,0.00598762,0.002414596,0.010881325,0.032565045,-0.013605722,-0.020175592,-0.026431707,-0.004001416,0.023406464,0.033744046,0.039731666,0.042146263,0.053027587,0.085592632,0.099198354,0.119373946,0.145805653,0.14980707,0.173213533,0.811043059,0.192053125,0.015240619,0.011127741,0.017245315,0.018260763,0.017409234,0.013764588,0.014910337,0.022280528,0.030950642,0.811043059,1.003096184,1.018336802,1.029464543,1.046709858,1.064970622,1.082379856,1.096144444,1.111054781,1.133335308,1.16428595,1.000002741,0.103605811,0.031952009,0.029812955,0.03721416,0.037801623,0.036984367,0.032866621,0.035182823,0.034579269,0.03224567,1.000002741,1.103608552,1.135560561,1.165373516,1.202587676,1.240389299,1.277373666,1.310240287,1.34542311,1.380002379,1.412248049,2.768604004,1.5395797,4.217135522,2.256440195,-2.734246467,-1.4676535,4.059120694,2.245591508,1.496993988,1,0.726361747,1,2.78313253,3,0.881943064,1,5.50285047,3.59388632,5.56978543,4.933946603,0.986884664,0.385433244,0.987443263,0.005168514,-0.044621953,18.07997054,4.252054861,2.2676964,0.136493999,35.42731394,1.710472442,0.626933847,0.345433513,0.222596916,Young
